to_chars (int64),	to_string  (int64),	stringstream  (int64),	snprintf  (int64),	to_chars (double),	to_string (double),	stringstream  (double),	snprintf (double)
29,	101,	550,	270,	51,	491,	618,	271
32,	81,	557,	249,	47,	481,	620,	249
28,	112,	524,	249,	46,	479,	629,	250
35,	93,	570,	250,	48,	526,	627,	249
28,	98,	531,	252,	46,	494,	617,	273
39,	84,	538,	248,	47,	491,	619,	245
41,	96,	541,	252,	47,	487,	618,	244
49,	93,	596,	269,	46,	492,	621,	262
44,	100,	533,	238,	46,	486,	636,	254
39,	92,	547,	252,	46,	488,	785,	264
